{
  "version": "2.11.4",
  "name": "custom.remote.python.mssql",
  "metricGroup": "tech.MSSQL",
  "requiredAgentVersion": "1.171.0",
  "favicon": "",
  "entity": "CUSTOM_DEVICE",
  "type": "python",
  "technologies": [
    "MSSQL"
  ],
  "source": {
    "package": "mssqlplugin",
    "className": "RemoteMsSqlPlugin",
    "install_requires": [
      "jaydebeapi",
      "jpype1"
    ]
  },
  "metrics": [
    {
      "entity": "CUSTOM_DEVICE",
      "timeseries": {
        "key": "AvailabilityPercent",
        "unit": "Percent",
        "dimensions": [],
        "displayname": "Availability (Percent)"
      }
    },
    {
      "entity": "CUSTOM_DEVICE",
      "timeseries": {
        "key": "AverageLatchWaitTimeMilliSecond",
        "unit": "MilliSecond",
        "dimensions": [],
        "displayname": "AverageLatchWaitTime (MilliSecond)"
      }
    },
    {
      "entity": "CUSTOM_DEVICE",
      "timeseries": {
        "key": "LatchWaitsPerSecond",
        "unit": "PerSecond",
        "dimensions": [],
        "displayname": "LatchWaits (PerSecond)"
      }
    },
    {
      "entity": "CUSTOM_DEVICE",
      "timeseries": {
        "key": "LoginsPerSecond",
        "unit": "PerSecond",
        "dimensions": [],
        "displayname": "Logins (PerSecond)"
      }
    },
    {
      "entity": "CUSTOM_DEVICE",
      "timeseries": {
        "key": "ProcessesBlockedCount",
        "unit": "Count",
        "dimensions": [],
        "displayname": "ProcessesBlocked (Count)"
      }
    },
    {
      "entity": "CUSTOM_DEVICE",
      "timeseries": {
        "key": "UserConnectionsCount",
        "unit": "Count",
        "dimensions": [],
        "displayname": "UserConnections (Count)"
      }
    },
    {
      "entity": "CUSTOM_DEVICE",
      "timeseries": {
        "key": "LockWaitTimeMilliSecond",
        "unit": "MilliSecond",
        "dimensions": [],
        "displayname": "LockWaitTime (MilliSecond)"
      }
    },
    {
      "entity": "CUSTOM_DEVICE",
      "timeseries": {
        "key": "LockTimeoutsPerSecond",
        "unit": "PerSecond",
        "dimensions": [],
        "displayname": "LockTimeouts (PerSecond)"
      }
    },
    {
      "entity": "CUSTOM_DEVICE",
      "timeseries": {
        "key": "LockWaitsPerSecond",
        "unit": "PerSecond",
        "dimensions": [],
        "displayname": "LockWaits (PerSecond)"
      }
    },
    {
      "entity": "CUSTOM_DEVICE",
      "timeseries": {
        "key": "DeadlocksPerSecond",
        "unit": "PerSecond",
        "dimensions": [],
        "displayname": "Deadlocks (PerSecond)"
      }
    },
    {
      "entity": "CUSTOM_DEVICE",
      "timeseries": {
        "key": "BatchRequestsPerSecond",
        "unit": "PerSecond",
        "dimensions": [],
        "displayname": "BatchRequests (PerSecond)"
      }
    },
    {
      "entity": "CUSTOM_DEVICE",
      "timeseries": {
        "key": "SqlCompilationsPerSecond",
        "unit": "PerSecond",
        "dimensions": [],
        "displayname": "SqlCompilations (PerSecond)"
      }
    },
    {
      "entity": "CUSTOM_DEVICE",
      "timeseries": {
        "key": "SqlRecompilationsPerSecond",
        "unit": "PerSecond",
        "dimensions": [],
        "displayname": "SqlRecompilations (PerSecond)"
      }
    },
    {
      "entity": "CUSTOM_DEVICE",
      "timeseries": {
        "key": "TargetServerMemoryKiloByte",
        "unit": "KiloByte",
        "dimensions": [],
        "displayname": "TargetServerMemory (KiloByte)"
      }
    },
    {
      "entity": "CUSTOM_DEVICE",
      "timeseries": {
        "key": "TotalServerMemoryKiloByte",
        "unit": "KiloByte",
        "dimensions": [],
        "displayname": "TotalServerMemory (KiloByte)"
      }
    },
    {
      "entity": "CUSTOM_DEVICE",
      "timeseries": {
        "key": "ConnectionMemoryKiloByte",
        "unit": "KiloByte",
        "dimensions": [],
        "displayname": "ConnectionMemory (KiloByte)"
      }
    },
    {
      "entity": "CUSTOM_DEVICE",
      "timeseries": {
        "key": "MemoryGrantsOutstandingCount",
        "unit": "Count",
        "dimensions": [],
        "displayname": "MemoryGrantsOutstanding (Count)"
      }
    },
    {
      "entity": "CUSTOM_DEVICE",
      "timeseries": {
        "key": "MemoryGrantsPendingCount",
        "unit": "Count",
        "dimensions": [],
        "displayname": "MemoryGrantsPending (Count)"
      }
    },
    {
      "entity": "CUSTOM_DEVICE",
      "timeseries": {
        "key": "LogFilesSizeKiloByte",
        "unit": "KiloByte",
        "dimensions": [
          "instance_name"
        ],
        "displayname": "LogFilesSize (KiloByte)"
      }
    },
    {
      "entity": "CUSTOM_DEVICE",
      "timeseries": {
        "key": "LogFilesUsedSizeKiloByte",
        "unit": "KiloByte",
        "dimensions": [
          "instance_name"
        ],
        "displayname": "LogFilesUsedSize (KiloByte)"
      }
    },
    {
      "entity": "CUSTOM_DEVICE",
      "timeseries": {
        "key": "LogFlushWaitsPerSecond",
        "unit": "PerSecond",
        "dimensions": [
          "instance_name"
        ],
        "displayname": "LogFlushWaits (PerSecond)"
      }
    },
    {
      "entity": "CUSTOM_DEVICE",
      "timeseries": {
        "key": "LogGrowthsCount",
        "unit": "Count",
        "dimensions": [
          "instance_name"
        ],
        "displayname": "LogGrowths (Count)"
      }
    },
    {
      "entity": "CUSTOM_DEVICE",
      "timeseries": {
        "key": "LogShrinksCount",
        "unit": "Count",
        "dimensions": [
          "instance_name"
        ],
        "displayname": "LogShrinks (Count)"
      }
    },
    {
      "entity": "CUSTOM_DEVICE",
      "timeseries": {
        "key": "LogTruncationsCount",
        "unit": "Count",
        "dimensions": [
          "instance_name"
        ],
        "displayname": "LogTruncations (Count)"
      }
    },
    {
      "entity": "CUSTOM_DEVICE",
      "timeseries": {
        "key": "LogUsedPercent",
        "unit": "Percent",
        "dimensions": [
          "instance_name"
        ],
        "displayname": "LogUsed (Percent)"
      }
    },
    {
      "entity": "CUSTOM_DEVICE",
      "timeseries": {
        "key": "TransactionsPerSecond",
        "unit": "PerSecond",
        "dimensions": [
          "instance_name"
        ],
        "displayname": "Transactions (PerSecond)"
      }
    },
    {
      "entity": "CUSTOM_DEVICE",
      "timeseries": {
        "key": "PageReadsPerSecond",
        "unit": "PerSecond",
        "dimensions": [],
        "displayname": "PageReads (PerSecond)"
      }
    },
    {
      "entity": "CUSTOM_DEVICE",
      "timeseries": {
        "key": "PageWritesPerSecond",
        "unit": "PerSecond",
        "dimensions": [],
        "displayname": "PageWrites (PerSecond)"
      }
    },
    {
      "entity": "CUSTOM_DEVICE",
      "timeseries": {
        "key": "PageLifeExpectancySecond",
        "unit": "Second",
        "dimensions": [],
        "displayname": "PageLifeExpectancy (Second)"
      }
    },
    {
      "entity": "CUSTOM_DEVICE",
      "timeseries": {
        "key": "FreeListStallsPerSecond",
        "unit": "PerSecond",
        "dimensions": [],
        "displayname": "FreeListStalls (PerSecond)"
      }
    },
    {
      "entity": "CUSTOM_DEVICE",
      "timeseries": {
        "key": "CheckpointPagesPerSecond",
        "unit": "PerSecond",
        "dimensions": [],
        "displayname": "CheckpointPages (PerSecond)"
      }
    },
    {
      "entity": "CUSTOM_DEVICE",
      "timeseries": {
        "key": "BufferCacheHitPercent",
        "unit": "Percent",
        "dimensions": [],
        "displayname": "BufferCacheHit (Percent)"
      }
    }
  ],
  "properties": [
    {
      "key": "database_host",
      "type": "String",
      "defaultValue": "sql.server.com"
    },
    {
      "key": "database_port",
      "type": "Integer",
      "defaultValue": 1433
    },
    {
      "key": "database_name",
      "type": "String",
      "defaultValue": "master"
    },
    {
      "key": "database_user",
      "type": "String",
      "defaultValue": "sa"
    },
    {
      "key": "database_password",
      "type": "Password"
    },
    {
      "key": "single_database",
      "type": "Boolean"
    },
    {
      "key": "AverageLatchWaitTimeMilliSecond",
      "type": "Boolean",
      "defaultValue": true
    },
    {
      "key": "LatchWaitsPerSecond",
      "type": "Boolean",
      "defaultValue": true
    },
    {
      "key": "LoginsPerSecond",
      "type": "Boolean",
      "defaultValue": true
    },
    {
      "key": "ProcessesBlockedCount",
      "type": "Boolean",
      "defaultValue": true
    },
    {
      "key": "UserConnectionsCount",
      "type": "Boolean",
      "defaultValue": true
    },
    {
      "key": "LockWaitTimeMilliSecond",
      "type": "Boolean",
      "defaultValue": true
    },
    {
      "key": "LockTimeoutsPerSecond",
      "type": "Boolean",
      "defaultValue": true
    },
    {
      "key": "LockWaitsPerSecond",
      "type": "Boolean",
      "defaultValue": true
    },
    {
      "key": "DeadlocksPerSecond",
      "type": "Boolean",
      "defaultValue": true
    },
    {
      "key": "BatchRequestsPerSecond",
      "type": "Boolean",
      "defaultValue": true
    },
    {
      "key": "SqlCompilationsPerSecond",
      "type": "Boolean",
      "defaultValue": true
    },
    {
      "key": "SqlRecompilationsPerSecond",
      "type": "Boolean",
      "defaultValue": true
    },
    {
      "key": "TargetServerMemoryKiloByte",
      "type": "Boolean",
      "defaultValue": true
    },
    {
      "key": "TotalServerMemoryKiloByte",
      "type": "Boolean",
      "defaultValue": true
    },
    {
      "key": "ConnectionMemoryKiloByte",
      "type": "Boolean",
      "defaultValue": true
    },
    {
      "key": "MemoryGrantsOutstandingCount",
      "type": "Boolean",
      "defaultValue": true
    },
    {
      "key": "MemoryGrantsPendingCount",
      "type": "Boolean",
      "defaultValue": true
    },
    {
      "key": "LogFilesSizeKiloByte",
      "type": "Boolean",
      "defaultValue": true
    },
    {
      "key": "LogFilesUsedSizeKiloByte",
      "type": "Boolean",
      "defaultValue": true
    },
    {
      "key": "LogFlushWaitsPerSecond",
      "type": "Boolean",
      "defaultValue": true
    },
    {
      "key": "LogGrowthsCount",
      "type": "Boolean",
      "defaultValue": true
    },
    {
      "key": "LogShrinksCount",
      "type": "Boolean",
      "defaultValue": true
    },
    {
      "key": "LogTruncationsCount",
      "type": "Boolean",
      "defaultValue": true
    },
    {
      "key": "LogUsedPercent",
      "type": "Boolean",
      "defaultValue": true
    },
    {
      "key": "TransactionsPerSecond",
      "type": "Boolean",
      "defaultValue": true
    },
    {
      "key": "PageReadsPerSecond",
      "type": "Boolean",
      "defaultValue": true
    },
    {
      "key": "PageWritesPerSecond",
      "type": "Boolean",
      "defaultValue": true
    },
    {
      "key": "PageLifeExpectancySecond",
      "type": "Boolean",
      "defaultValue": true
    },
    {
      "key": "FreeListStallsPerSecond",
      "type": "Boolean",
      "defaultValue": true
    },
    {
      "key": "CheckpointPagesPerSecond",
      "type": "Boolean",
      "defaultValue": true
    },
    {
      "key": "BufferCacheHitPercent",
      "type": "Boolean",
      "defaultValue": true
    }
  ],
  "configUI": {
    "displayName": "SQL Server Database",
    "properties": [
      {
        "key": "database_host",
        "displayName": "Connection host",
        "displayOrder": 1
      },
      {
        "key": "database_port",
        "displayName": "Connection port",
        "displayOrder": 2
      },
      {
        "key": "database_name",
        "displayName": "Database name",
        "displayOrder": 3
      },
      {
        "key": "database_user",
        "displayName": "Connection user",
        "displayOrder": 4
      },
      {
        "key": "database_password",
        "displayName": "User password",
        "displayOrder": 5
      },
      {
        "key": "single_database",
        "displayName": "Only collect SQLServer:Databases object metrics from database extension is connected to.",
        "displayOrder": 6
      },
      {
        "key": "AverageLatchWaitTimeMilliSecond",
        "displayName": "Collect AverageLatchWaitTimeMilliSecond",
        "displayOrder": 7
      },
      {
        "key": "LatchWaitsPerSecond",
        "displayName": "Collect LatchWaitsPerSecond",
        "displayOrder": 8
      },
      {
        "key": "LoginsPerSecond",
        "displayName": "Collect LoginsPerSecond",
        "displayOrder": 9
      },
      {
        "key": "ProcessesBlockedCount",
        "displayName": "Collect ProcessesBlockedCount",
        "displayOrder": 10
      },
      {
        "key": "UserConnectionsCount",
        "displayName": "Collect UserConnectionsCount",
        "displayOrder": 11
      },
      {
        "key": "LockWaitTimeMilliSecond",
        "displayName": "Collect LockWaitTimeMilliSecond",
        "displayOrder": 12
      },
      {
        "key": "LockTimeoutsPerSecond",
        "displayName": "Collect LockTimeoutsPerSecond",
        "displayOrder": 13
      },
      {
        "key": "LockWaitsPerSecond",
        "displayName": "Collect LockWaitsPerSecond",
        "displayOrder": 14
      },
      {
        "key": "DeadlocksPerSecond",
        "displayName": "Collect DeadlocksPerSecond",
        "displayOrder": 15
      },
      {
        "key": "BatchRequestsPerSecond",
        "displayName": "Collect BatchRequestsPerSecond",
        "displayOrder": 16
      },
      {
        "key": "SqlCompilationsPerSecond",
        "displayName": "Collect SqlCompilationsPerSecond",
        "displayOrder": 17
      },
      {
        "key": "SqlRecompilationsPerSecond",
        "displayName": "Collect SqlRecompilationsPerSecond",
        "displayOrder": 18
      },
      {
        "key": "TargetServerMemoryKiloByte",
        "displayName": "Collect TargetServerMemoryKiloByte",
        "displayOrder": 19
      },
      {
        "key": "TotalServerMemoryKiloByte",
        "displayName": "Collect TotalServerMemoryKiloByte",
        "displayOrder": 20
      },
      {
        "key": "ConnectionMemoryKiloByte",
        "displayName": "Collect ConnectionMemoryKiloByte",
        "displayOrder": 21
      },
      {
        "key": "MemoryGrantsOutstandingCount",
        "displayName": "Collect MemoryGrantsOutstandingCount",
        "displayOrder": 22
      },
      {
        "key": "MemoryGrantsPendingCount",
        "displayName": "Collect MemoryGrantsPendingCount",
        "displayOrder": 23
      },
      {
        "key": "LogFilesSizeKiloByte",
        "displayName": "Collect LogFilesSizeKiloByte",
        "displayOrder": 24
      },
      {
        "key": "LogFilesUsedSizeKiloByte",
        "displayName": "Collect LogFilesUsedSizeKiloByte",
        "displayOrder": 25
      },
      {
        "key": "LogFlushWaitsPerSecond",
        "displayName": "Collect LogFlushWaitsPerSecond",
        "displayOrder": 26
      },
      {
        "key": "LogGrowthsCount",
        "displayName": "Collect LogGrowthsCount",
        "displayOrder": 27
      },
      {
        "key": "LogShrinksCount",
        "displayName": "Collect LogShrinksCount",
        "displayOrder": 28
      },
      {
        "key": "LogTruncationsCount",
        "displayName": "Collect LogTruncationsCount",
        "displayOrder": 29
      },
      {
        "key": "LogUsedPercent",
        "displayName": "Collect LogUsedPercent",
        "displayOrder": 30
      },
      {
        "key": "TransactionsPerSecond",
        "displayName": "Collect TransactionsPerSecond",
        "displayOrder": 31
      },
      {
        "key": "PageReadsPerSecond",
        "displayName": "Collect PageReadsPerSecond",
        "displayOrder": 32
      },
      {
        "key": "PageWritesPerSecond",
        "displayName": "Collect PageWritesPerSecond",
        "displayOrder": 33
      },
      {
        "key": "PageLifeExpectancySecond",
        "displayName": "Collect PageLifeExpectancySecond",
        "displayOrder": 34
      },
      {
        "key": "FreeListStallsPerSecond",
        "displayName": "Collect FreeListStallsPerSecond",
        "displayOrder": 35
      },
      {
        "key": "CheckpointPagesPerSecond",
        "displayName": "Collect CheckpointPagesPerSecond",
        "displayOrder": 36
      },
      {
        "key": "BufferCacheHitPercent",
        "displayName": "Collect BufferCacheHitPercent",
        "displayOrder": 37
      }
    ]
  },
  "ui": {
    "keymetrics": [
      {
        "key": "AvailabilityPercent",
        "aggregation": "avg",
        "mergeaggregation": "avg",
        "displayname": "Availability"
      },
      {
        "key": "TransactionsPerSecond",
        "aggregation": "avg",
        "mergeaggregation": "sum",
        "displayname": "Transaction Rate"
      },
      {
        "key": "UserConnectionsCount",
        "aggregation": "avg",
        "mergeaggregation": "sum",
        "displayname": "User Connections"
      }
    ],
    "keycharts": [
      {
        "title": "System Availability Percentage",
        "description": "Average system availability across all members",
        "series": [
          {
            "key": "AvailabilityPercent",
            "displayname": "Availability",
            "color": "#1f7e1e",
            "seriestype": "area",
            "aggregation": "avg",
            "mergeaggregation": "avg"
          }
        ],
        "group": "System Status"
      },
      {
        "title": "User Connections",
        "description": "Number of users currently connected to SQL Server.",
        "series": [
          {
            "key": "UserConnectionsCount",
            "seriestype": "area",
            "color": "#dbae58",
            "aggregation": "avg",
            "mergeaggregation": "sum",
            "displayname": "User Connections"
          }
        ],
        "group": "System Status"
      },
      {
        "title": "Transactions per Second",
        "description": "Number of transactions started for the database per second.",
        "series": [
          {
            "key": "TransactionsPerSecond",
            "seriestype": "area",
            "color": "#1c4e80",
            "aggregation": "avg",
            "mergeaggregation": "sum",
            "displayname": "Transaction Rate"
          }
        ],
        "group": "System Status"
      },
      {
        "title": "Latch Wait Time",
        "description": "Average latch wait time (in milliseconds) for latch requests that had to wait.",
        "series": [
          {
            "key": "AverageLatchWaitTimeMilliSecond",
            "seriestype": "bar",
            "color": "#b3c100",
            "aggregation": "avg",
            "mergeaggregation": "avg",
            "displayname": "Average Latch Wait Time"
          }
        ],
        "group": "Latches"
      },
      {
        "title": "Latch Waits per Second",
        "description": "Number of latch requests that could not be granted immediately.",
        "series": [
          {
            "key": "LatchWaitsPerSecond",
            "seriestype": "area",
            "color": "#b3c100",
            "aggregation": "avg",
            "mergeaggregation": "avg",
            "displayname": "Latch Wait Rate"
          }
        ],
        "group": "Latches"
      },
      {
        "title": "User Connections",
        "description": "Number of users currently connected to SQL Server.",
        "series": [
          {
            "key": "UserConnectionsCount",
            "seriestype": "line",
            "color": "#dbae58",
            "aggregation": "avg",
            "mergeaggregation": "sum",
            "displayname": "User Connections"
          }
        ],
        "group": "General Statistics"
      },
      {
        "title": "Login per Second",
        "description": "Number of logins started per second. Does not include pooled connections.",
        "series": [
          {
            "key": "LoginsPerSecond",
            "seriestype": "bar",
            "color": "#484848",
            "aggregation": "avg",
            "mergeaggregation": "sum",
            "displayname": "Login Rate"
          }
        ],
        "group": "General Statistics"
      },
      {
        "title": "Processes Blocked",
        "description": "Number of currently blocked processes.",
        "series": [
          {
            "key": "ProcessesBlockedCount",
            "seriestype": "area",
            "color": "#ac3e31",
            "aggregation": "avg",
            "mergeaggregation": "sum",
            "displayname": "Processes Blocked"
          }
        ],
        "group": "General Statistics"
      },
      {
        "title": "Lock Timeouts per Second",
        "description": "Number of lock requests that timed out, including requests for NOWAIT locks.",
        "series": [
          {
            "key": "LockTimeoutsPerSecond",
            "seriestype": "area",
            "color": "#ea6a47",
            "aggregation": "avg",
            "mergeaggregation": "sum",
            "displayname": "Lock Timeout Rate"
          }
        ],
        "group": "Locks"
      },
      {
        "title": "Lock Wait Time",
        "description": "Total wait time (in milliseconds) for locks.",
        "series": [
          {
            "key": "LockWaitTimeMilliSecond",
            "seriestype": "area",
            "color": "#1c4e80",
            "aggregation": "avg",
            "mergeaggregation": "sum",
            "displayname": "Lock Wait Time"
          }
        ],
        "group": "Locks"
      },
      {
        "title": "Lock Waits per Second",
        "description": "Number of lock requests per second that required the caller to wait.",
        "series": [
          {
            "key": "LockWaitsPerSecond",
            "seriestype": "area",
            "color": "#a5d8dd",
            "aggregation": "avg",
            "mergeaggregation": "sum",
            "displayname": "Lock Wait Rate"
          }
        ],
        "group": "Locks"
      },
      {
        "title": "Deadlocks per Second",
        "description": "Number of lock requests per second that resulted in a deadlock.",
        "series": [
          {
            "key": "DeadlocksPerSecond",
            "seriestype": "area",
            "color": "#ac3e31",
            "aggregation": "avg",
            "mergeaggregation": "sum",
            "displayname": "Deadlock Rate"
          }
        ],
        "group": "Locks"
      },
      {
        "title": "Batch Requests per Second",
        "description": "Number of Transact-SQL command batches received per second.",
        "series": [
          {
            "key": "BatchRequestsPerSecond",
            "seriestype": "area",
            "color": "#a5d8dd",
            "aggregation": "avg",
            "mergeaggregation": "sum",
            "displayname": "Batch Request Rate"
          }
        ],
        "group": "SQL"
      },
      {
        "title": "SQL Compilations per Second",
        "description": "Indicates the number of times the compile code path is entered.",
        "series": [
          {
            "key": "SqlCompilationsPerSecond",
            "seriestype": "area",
            "color": "#1c4e80",
            "aggregation": "avg",
            "mergeaggregation": "sum",
            "displayname": "SQL Compilations"
          }
        ],
        "group": "SQL"
      },
      {
        "title": "SQL Re-compilations per Second",
        "description": "Number of statement recompiles per second.",
        "series": [
          {
            "key": "SqlRecompilationsPerSecond",
            "seriestype": "area",
            "color": "#ea6a47",
            "aggregation": "avg",
            "mergeaggregation": "sum",
            "displayname": "SQL Re-compilations"
          }
        ],
        "group": "SQL"
      },
      {
        "title": "Server Memory",
        "description": "Ideal amount of memory server can consume and actual committed memory.",
        "series": [
          {
            "key": "TargetServerMemoryKiloByte",
            "seriestype": "area",
            "color": "#6ab187",
            "aggregation": "avg",
            "mergeaggregation": "sum",
            "displayname": "Target Server Memory"
          },
          {
            "key": "TotalServerMemoryKiloByte",
            "seriestype": "bar",
            "color": "#1f3f49",
            "aggregation": "avg",
            "mergeaggregation": "sum",
            "displayname": "Total Server Memory"
          }
        ],
        "group": "Memory Manager"
      },
      {
        "title": "Connection Memory",
        "description": "Amount of dynamic memory the server is using for maintaining connections.",
        "series": [
          {
            "key": "ConnectionMemoryKiloByte",
            "seriestype": "area",
            "color": "#4cb5f5",
            "aggregation": "avg",
            "mergeaggregation": "sum",
            "displayname": "Connection Memory"
          }
        ],
        "group": "Memory Manager"
      },
      {
        "title": "Memory Grants",
        "description": "Number of processes that acquired workspace memory grant or wait for it.",
        "series": [
          {
            "key": "MemoryGrantsOutstandingCount",
            "seriestype": "area",
            "color": "#6ab187",
            "aggregation": "avg",
            "mergeaggregation": "sum",
            "displayname": "Memory Grants Outstanding"
          },
          {
            "key": "MemoryGrantsPendingCount",
            "seriestype": "area",
            "color": "#1f3f49",
            "aggregation": "avg",
            "mergeaggregation": "sum",
            "displayname": "Memory Grants Pending"
          }
        ],
        "group": "Memory Manager"
      },
      {
        "title": "Log File Sizes",
        "description": "Total cumulative size and used size of transaction log files in the database.",
        "series": [
          {
            "key": "LogFilesSizeKiloByte",
            "seriestype": "area",
            "color": "#7e909a",
            "aggregation": "avg",
            "mergeaggregation": "sum",
            "displayname": "Log File Size"
          },
          {
            "key": "LogFilesUsedSizeKiloByte",
            "seriestype": "bar",
            "color": "#1c4e80",
            "aggregation": "avg",
            "mergeaggregation": "sum",
            "displayname": "Log File Used Size"
          }
        ],
        "group": "Databases"
      },
      {
        "title": "Log Flush Waits per Second",
        "description": "Total wait time (in milliseconds) to flush the log.",
        "series": [
          {
            "key": "LogFlushWaitsPerSecond",
            "seriestype": "area",
            "color": "#a5d8dd",
            "aggregation": "avg",
            "mergeaggregation": "sum",
            "displayname": "Log Flush Wait Rate"
          }
        ],
        "group": "Databases"
      },
      {
        "title": "Log Growths and Shrinks",
        "description": "Number of database log expansions and downsizes.",
        "series": [
          {
            "key": "LogGrowthsCount",
            "seriestype": "area",
            "color": "#6ab187",
            "aggregation": "avg",
            "mergeaggregation": "sum",
            "displayname": "Log Growths"
          },
          {
            "key": "LogShrinksCount",
            "seriestype": "bar",
            "color": "#1f3f49",
            "aggregation": "avg",
            "mergeaggregation": "sum",
            "displayname": "Log Shrinks"
          }
        ],
        "group": "Databases"
      },
      {
        "title": "Log Truncations",
        "description": "Number of transaction log truncations (in Simple Recovery Model).",
        "series": [
          {
            "key": "LogTruncationsCount",
            "seriestype": "area",
            "color": "#4cb5f5",
            "aggregation": "avg",
            "mergeaggregation": "sum",
            "displayname": "Log Truncations"
          }
        ],
        "group": "Databases"
      },
      {
        "title": "Log Usage Percentage",
        "description": "Percentage of space in the log that is in use.",
        "series": [
          {
            "key": "LogUsedPercent",
            "seriestype": "area",
            "color": "#b3c100",
            "aggregation": "avg",
            "mergeaggregation": "avg",
            "displayname": "Log Usage"
          }
        ],
        "group": "Databases"
      },
      {
        "title": "Pages Throughput per Second",
        "description": "Number of physical database page reads and writes.",
        "series": [
          {
            "key": "PageReadsPerSecond",
            "seriestype": "area",
            "color": "#ced2cc",
            "aggregation": "avg",
            "mergeaggregation": "sum",
            "displayname": "Page Read Rate"
          },
          {
            "key": "PageWritesPerSecond",
            "seriestype": "bar",
            "color": "#4cb5f5",
            "aggregation": "avg",
            "mergeaggregation": "sum",
            "displayname": "Page Write Rate"
          }
        ],
        "group": "Buffer Manager"
      },
      {
        "title": "Page Life Expectancy",
        "description": "Number of seconds a page will stay in the buffer pool without references.",
        "series": [
          {
            "key": "PageLifeExpectancySecond",
            "seriestype": "area",
            "color": "#0091d5",
            "aggregation": "avg",
            "mergeaggregation": "avg",
            "displayname": "Page Life Expectancy"
          }
        ],
        "group": "Buffer Manager"
      },
      {
        "title": "Checkpoint Pages per Second",
        "description": "Number pages flushed to disk by operation that requires all dirty pages to be flushed.",
        "series": [
          {
            "key": "CheckpointPagesPerSecond",
            "seriestype": "area",
            "color": "#ea6a47",
            "aggregation": "avg",
            "mergeaggregation": "sum",
            "displayname": "Checkpoint Page Rate"
          }
        ],
        "group": "Buffer Manager"
      },
      {
        "title": "Buffer Cache Hit Percentage",
        "description": "Cache hits divided by number of cache lookups.",
        "series": [
          {
            "key": "BufferCacheHitPercent",
            "seriestype": "area",
            "color": "#b3c100",
            "aggregation": "avg",
            "mergeaggregation": "avg",
            "displayname": "Buffer Cache Hit"
          }
        ],
        "group": "Buffer Manager"
      },
      {
        "title": "Free List Stalls per Second",
        "description": "Number of requests per second that had to wait for a free page.",
        "series": [
          {
            "key": "FreeListStallsPerSecond",
            "seriestype": "area",
            "color": "#0091d5",
            "aggregation": "avg",
            "mergeaggregation": "sum",
            "displayname": "Free List Stall Rate"
          }
        ],
        "group": "Buffer Manager"
      }
    ],
    "charts": [
      {
        "title": "Transactions per Second",
        "description": "Number of transactions started for the database per second.",
        "series": [
          {
            "key": "TransactionsPerSecond",
            "seriestype": "area",
            "color": "#1c4e80",
            "aggregation": "avg",
            "mergeaggregation": "sum",
            "dimensions": [
              "instance_name"
            ],
            "displayname": "Transaction Rate"
          }
        ],
        "group": "Databases"
      },
      {
        "title": "Log File Sizes",
        "description": "Total cumulative size and used size of transaction log files in the database.",
        "series": [
          {
            "key": "LogFilesSizeKiloByte",
            "seriestype": "area",
            "color": "#7e909a",
            "aggregation": "avg",
            "mergeaggregation": "sum",
            "dimensions": [
              "instance_name"
            ],
            "displayname": "Log File Size"
          },
          {
            "key": "LogFilesUsedSizeKiloByte",
            "seriestype": "bar",
            "color": "#1c4e80",
            "aggregation": "avg",
            "mergeaggregation": "sum",
            "dimensions": [
              "instance_name"
            ],
            "displayname": "Log File Used Size"
          }
        ],
        "group": "Databases"
      },
      {
        "title": "Log Flush Waits per Second",
        "description": "Total wait time (in milliseconds) to flush the log.",
        "series": [
          {
            "key": "LogFlushWaitsPerSecond",
            "seriestype": "area",
            "color": "#a5d8dd",
            "aggregation": "avg",
            "mergeaggregation": "sum",
            "dimensions": [
              "instance_name"
            ],
            "displayname": "Log Flush Wait Rate"
          }
        ],
        "group": "Databases"
      },
      {
        "title": "Log Growths and Shrinks",
        "description": "Number of database log expansions and downsizes.",
        "series": [
          {
            "key": "LogGrowthsCount",
            "seriestype": "area",
            "color": "#6ab187",
            "aggregation": "avg",
            "mergeaggregation": "sum",
            "dimensions": [
              "instance_name"
            ],
            "displayname": "Log Growths"
          },
          {
            "key": "LogShrinksCount",
            "seriestype": "bar",
            "color": "#1f3f49",
            "aggregation": "avg",
            "mergeaggregation": "sum",
            "dimensions": [
              "instance_name"
            ],
            "displayname": "Log Shrinks"
          }
        ],
        "group": "Databases"
      },
      {
        "title": "Log Truncations",
        "description": "Number of transaction log truncations (in Simple Recovery Model).",
        "series": [
          {
            "key": "LogTruncationsCount",
            "seriestype": "area",
            "color": "#4cb5f5",
            "aggregation": "avg",
            "mergeaggregation": "sum",
            "dimensions": [
              "instance_name"
            ],
            "displayname": "Log Truncations"
          }
        ],
        "group": "Databases"
      },
      {
        "title": "Log Usage Percentage",
        "description": "Percentage of space in the log that is in use.",
        "series": [
          {
            "key": "LogUsedPercent",
            "seriestype": "area",
            "color": "#b3c100",
            "aggregation": "avg",
            "mergeaggregation": "avg",
            "dimensions": [
              "instance_name"
            ],
            "displayname": "Log Usage"
          }
        ],
        "group": "Databases"
      }
    ]
  }
}